run_idx,mode,fiber_vf,f_r,mu,sigma,db_t,crc_no,debond_fraction,base_angle,P_eff
0,debond,0.2895730721218126,0.49741174821158674,0.32414321181340616,2.2319114379869625,0.05941300419396826,0,0.5079516041323486,2.8579196017111554,0.152492872953488
1,cracks,0.10749913168839698,0.5168228418311929,0.33492771178730946,1.1360695200157975,0.09245191891425139,15,0.0,1.7764251716221886,0.08632866681302158
2,cracks,0.2261251831463474,0.5914984522302036,0.3309310241680702,1.8783121339605802,0.05495893133897715,5,0.0,0.14634380721326276,0.06936029804623606
3,cracks,0.15792185726633526,0.37212754167871875,0.35889611903918417,1.4627227361529016,0.13161263591200312,4,0.0,0.3237590691232488,0.08002468749641567
4,cracks,0.17447950854514624,0.573872232854779,0.33139448748666156,1.0894017549493489,0.07059587128193265,12,0.0,1.6704484204212646,0.07594898081431385
5,debond,0.1931203731679348,0.7617206918194308,0.48079117797228316,1.372639877286324,0.06797667495831432,0,0.6458807414089707,0.2571551005755037,0.1423103220243359
6,debond,0.20503930076229027,0.7375687477867144,0.6647226447196088,1.4319066473352797,0.1480174847492582,0,0.18264604477847352,1.313571585218704,0.0956297606461064
7,debond,0.13039690693210096,0.5444815502379028,0.3196036285237188,2.0023237848015927,0.1264570866212813,0,0.5011181581941688,2.7503946620287856,0.13430430052770398
8,debond,0.1680244724382391,0.47508919385958415,0.5483373976494939,2.1953379637323915,0.05687629494068606,0,0.16551719726083253,0.8480392499410339,0.09505754900170406
9,baseline,0.11213388551944395,0.6507460106522119,0.6235644272638343,2.489643909199951,0.1321924786609715,0,0.0,0.8940832328714574,0.08377033061704564
10,mixed,0.27740805844761834,0.4735026278442253,0.7703242833230468,1.533196164310519,0.11109195434830768,9,0.1412680935319173,2.4134751128306036,0.09521918920359737
11,cracks,0.24767267591895883,0.49894883927311634,0.7584081130900306,1.7447600485449428,0.06663662824719205,8,0.0,1.7261163821559513,0.07124739457410705
12,cracks,0.26385596756714824,0.7319922348492576,0.43921053225694856,1.622944775817548,0.08587711653316248,8,0.0,3.0088013144869827,0.06440240198177948
13,cracks,0.11659693893226641,0.3756491915582003,0.6292583384861651,1.0180945897656983,0.13310935615682862,4,0.0,0.8254428489438409,0.0849094858320717
14,baseline,0.12913527849159612,0.5672954811500518,0.6049062176284985,1.4779175216678297,0.0625491512495977,0,0.0,2.699262531573042,0.08241254532462261
15,baseline,0.19132874444057496,0.7354897505788858,0.775943110415761,2.020862651592565,0.10592717408566094,0,0.0,1.2505726269708357,0.07328168891113909
16,mixed,0.12070741874206486,0.6171447828428545,0.3311239108093438,1.1010214237645373,0.07087631854461644,4,0.17694981350032654,1.8872403484120002,0.09714060654505907
17,baseline,0.10004665638027133,0.37563246613971396,0.35073218401129824,1.5454148830518566,0.05255008866661457,0,0.0,2.74679617355329,0.08693518044224721
18,mixed,0.12971009706617828,0.4261288782785386,0.47369477302685076,1.5462451592924236,0.062284223076219496,15,0.4416476413247876,3.0719215537756486,0.1255548577783432
19,mixed,0.1967669312832539,0.3429423307780828,0.3510938083740842,1.5139537573645028,0.07647568917171801,15,0.5844397381917166,1.622112731566849,0.1832762553205647
20,cracks,0.2901971145749404,0.5641286975210624,0.37330126944954534,1.8147586388231716,0.05270424914221686,10,0.0,0.9364763813027294,0.06211950976412133
21,baseline,0.23923935718156036,0.43055759861468096,0.4833498958805894,1.2505630518015045,0.1271937908402031,0,0.0,1.6731883633214037,0.06929629639672569
22,debond,0.22728838506794224,0.6066141114067705,0.6941996320520567,2.1374836361329494,0.06951460302328957,0,0.26757137233639555,1.258787072108605,0.10695414444402372
23,cracks,0.13998359667902993,0.5463909214569722,0.6655019962377107,2.4844053800546053,0.12901141366319246,9,0.0,0.8142202756407964,0.12745390471871842
24,debond,0.1894455355533447,0.7685106006381212,0.7940190291014301,2.4325009469819996,0.0864635885361866,0,0.25432362609736625,0.7126571827547581,0.1010255233954364
25,cracks,0.16754749596770607,0.5413266510667889,0.7926244985323709,1.9153932203401125,0.05019083133300648,12,0.0,1.080729556034474,0.09718456603463455
26,baseline,0.26692976155964376,0.3599518154180688,0.4942678719099718,2.0672394754380785,0.06993194034549052,0,0.0,2.792910440405893,0.06671300416519176
27,mixed,0.25782708620405526,0.46625859993230495,0.7004117844483455,2.4574859334732375,0.08958384950694481,8,0.6203468975630246,0.2667816902240934,0.20544673066058297
28,cracks,0.1340007319943791,0.36351918364893215,0.3755753501907449,2.357278143599859,0.1306501982032196,4,0.0,1.9213143033292048,0.08347970375401535
29,mixed,0.23145365854720398,0.4752037560787514,0.5743300219933896,1.1964757780141757,0.05142429381561056,13,0.5547722687716815,1.6543031490860136,0.1210906248997459
30,cracks,0.18676188735149712,0.735871463994702,0.7130776259076106,1.3165635059922232,0.07518348113654538,6,0.0,1.5744466056165147,0.07391890871985987
31,debond,0.15187295905404202,0.5095062763772717,0.36553683825174166,2.3650255844733348,0.08537840239532589,0,0.42071269053021354,1.8326442167273027,0.12478925628626315
32,mixed,0.26542793649095453,0.7390843901844655,0.3653816295110619,1.227754576394408,0.1010547012230045,15,0.4080874386694604,0.5752503934686876,0.12809081209942796
33,baseline,0.25520779311533337,0.37490124245117123,0.37077948552926226,1.9286518587752424,0.062033661124464595,0,0.0,0.19400995626040357,0.06736794315698966
34,mixed,0.2568544950730951,0.3530547085524641,0.5801480667919761,1.372741481564635,0.07769170704647815,14,0.16842169132381524,1.4205525700070396,0.10403299297109506
35,baseline,0.2519986285180033,0.7562440181649059,0.5216241967887194,1.9187918265166906,0.10055531308512217,0,0.0,1.6090027192545306,0.06498144719403647
36,debond,0.19046915845298193,0.5666427187895855,0.5390181590160423,2.412251691307751,0.11992178821802858,0,0.7135748372464153,2.9599476145694226,0.18545707018161509
37,debond,0.28455684268402126,0.7463774708780163,0.40129426360130227,1.6712923326023046,0.09166370564820017,0,0.3746550650111039,0.9926798001676219,0.12298776210814949
38,cracks,0.18566773544716947,0.406344899793983,0.45139003762578966,1.183524830978659,0.12769325908604756,13,0.0,2.0214829218743704,0.0773520002103453
39,debond,0.12859579958484743,0.7414164168285378,0.783772391333192,1.3293817462028796,0.1452504128918986,0,0.37877981230209035,1.5307748710938183,0.1161666330072569
40,cracks,0.13229321197617583,0.5157609089988194,0.5578025289021795,1.5086742165082299,0.06957446661339312,7,0.0,0.2896360751904168,0.08330522954835014
41,debond,0.10389658561047864,0.5770251239041639,0.520229050901351,1.0271229712405563,0.08314978891419907,0,0.5367489517243048,1.6093194295815167,0.12142554980097547
42,baseline,0.12256999162596947,0.7592740751369411,0.4142769268590806,2.314588369109998,0.05840612669703682,0,0.0,0.8542633125139169,0.08326358435778583
43,cracks,0.15408921950426183,0.36477777965283864,0.5111270906388306,2.3671207242754133,0.13189789797812818,6,0.0,1.275322713920409,0.09898025755801733
44,mixed,0.24008348930932358,0.34473110392340384,0.32876325622047314,2.0323083570228224,0.09253170407957226,3,0.28824639660749435,0.05287841767642626,0.1303215423797393
45,baseline,0.260325718314278,0.341871263117259,0.7281143181860744,1.0999338023116922,0.1362774969053846,0,0.0,1.4255715598821148,0.06744677599950094
46,debond,0.2988611780897738,0.5088801671813028,0.7577133516515037,1.9325551814871818,0.054320568983938555,0,0.5966757026829221,2.9472094878610657,0.15155689392466368
47,cracks,0.15237905837652044,0.39057298377814975,0.7661234442591384,1.9430066455715007,0.10310858395658304,5,0.0,0.9109388281988079,0.08221790587845745
48,cracks,0.15410447321385295,0.7018394724211212,0.7972494924457697,1.055424027316415,0.05184338966986565,10,0.0,1.731171892327216,0.07975516459784436
49,cracks,0.20284698229247428,0.422839759791802,0.5235277746106735,1.9874804819254592,0.11501059936894295,12,0.0,1.555093306689833,0.07654233463537467
50,mixed,0.294062479595372,0.45389152499937163,0.4075905598045905,1.3443493732367227,0.0698624482991446,13,0.6101909193782796,0.43893959098806556,0.2143847615130242
51,debond,0.2963763863658734,0.7184941691525972,0.30712756466389746,1.9381724716077282,0.1379854271230056,0,0.4015184954872173,0.17404764929206096,0.1426700840257407
52,mixed,0.27410756424954963,0.6352716489543393,0.44096664115331474,1.36331940098873,0.07930584925803355,9,0.22974642001295875,0.8452037395345917,0.09886664810763261
53,baseline,0.15264861339947783,0.7808932666813067,0.7863114989731881,1.8206100611783627,0.07444464939418935,0,0.0,3.033731630632463,0.07938714393539387
54,debond,0.1435731714316963,0.39147894382875004,0.4676663919598855,1.1258358412382412,0.07789288722184598,0,0.5592125098458383,0.7796785634354214,0.14225087685397597
55,baseline,0.11817033926273686,0.7085221405690663,0.37193257063445134,1.8802010980434747,0.08939786406047205,0,0.0,0.9413658590619305,0.08318050234617694
56,cracks,0.11689654228923213,0.7788185899301974,0.7266237495487207,1.2328782117837331,0.13928011709153162,14,0.0,2.7617448647504683,0.08977704625562286
57,mixed,0.25286226917227317,0.6603386356857757,0.5470953768099216,1.426264867829037,0.11187071699143905,4,0.1306516466841101,2.6241394926439745,0.08617318996459555
58,mixed,0.24677042469539237,0.706109457856197,0.36965380500960215,1.785635926792776,0.10043710512554607,15,0.6690337744599159,0.05051605524202032,0.17784560972034366
59,cracks,0.11701834057444412,0.3209310506771996,0.6185599385228286,2.4392741073472406,0.08766182648824244,9,0.0,1.7546650944213638,0.09477215624641044
60,baseline,0.2252452917865572,0.6403320880404102,0.5446471574298772,1.004971490691772,0.12976975520708525,0,0.0,2.350744990030441,0.06942260239658864
61,baseline,0.23185989786086997,0.33302517811107596,0.6683941642711253,1.3782902971940352,0.05744499999741735,0,0.0,0.8342757599494313,0.07076654245962342
62,cracks,0.14614722540949074,0.6249661400010253,0.5301700319869398,2.268296875609761,0.05767398735807103,12,0.0,0.9026397833787145,0.1227482631803005
63,baseline,0.22339480315564994,0.6213814876909931,0.33873590975890033,1.2211376093153612,0.07539402816558953,0,0.0,2.3348858757348183,0.07109693266445216
64,debond,0.22423015023434412,0.36672050436015874,0.5412103491301127,1.7286970719930466,0.1472509009182465,0,0.16966335016883624,0.6839041764037801,0.1072753638186575
65,mixed,0.1581712956858738,0.5582678470222038,0.5323314266871572,1.699508731445332,0.0618502862701568,10,0.23947502090165212,3.0728726288829797,0.10315160355298084
66,mixed,0.10350089116333257,0.5294854114817986,0.7099488463499342,2.4521623774760495,0.09494509696510953,6,0.3707938428736184,2.8794417584620504,0.11215709622941548
67,cracks,0.11492257353882845,0.3451515471255059,0.6737430890055958,1.3927134530925043,0.08595535765037318,11,0.0,2.576787734896787,0.08728058242660637
68,debond,0.27737243192296857,0.6516685193970372,0.41569180152523494,2.346558543400599,0.09861406564271488,0,0.11738408216346564,0.011279799420546847,0.07965692703012858
69,mixed,0.23631762333327574,0.5027096647841894,0.6635913846668124,1.6242717915470912,0.08761061453527066,3,0.6881617235535908,0.005470712639122417,0.18381962379886416
70,debond,0.26782215893009237,0.36002067379609126,0.7631994299431932,2.0695353486953856,0.1401566563098936,0,0.30288307128286773,1.169369898676576,0.17249874072480084
71,mixed,0.17803221344767883,0.734985963959905,0.33820034623410294,2.388123233929866,0.12556563934322837,15,0.1337876677248358,0.31953094258875614,0.10875916380034825
72,debond,0.22699269940792005,0.37445719185965026,0.7855192984108925,1.6543611158910727,0.08156013726431804,0,0.6412285474042929,2.4665984589062377,0.21369185136021732
73,mixed,0.2768533111050894,0.7059811337353861,0.6154479019345405,2.370135831189078,0.14406992983382416,10,0.24240506964699032,0.25313978777769053,0.11210867311422554
74,mixed,0.1901720845921547,0.6763340046203603,0.6222453552092568,1.4293124804523782,0.054897690498758284,10,0.18911792426954177,1.483410060264957,0.10302615231934391
75,debond,0.15634920790459492,0.42787138945993963,0.6693726397167749,1.9792267373968182,0.0906209265112842,0,0.2670655169381604,1.517961098948665,0.11032279806354924
76,mixed,0.12394850428004929,0.6216025164785123,0.33758529651117514,1.750907189093082,0.13118265531739276,10,0.2540176765403915,2.847097842534776,0.1070599547132122
77,mixed,0.18548460474550138,0.5738926492348577,0.4220428164702449,1.2620426380107763,0.10558740875951522,7,0.267388606502218,0.8116542381148191,0.10823636576726406
78,cracks,0.27745029184234393,0.6748288038023393,0.506390829320393,1.6208253586199939,0.10241681427508958,8,0.0,0.848983519418637,0.0657485476310895
79,baseline,0.1996291790567582,0.5871403841960625,0.4800726172546811,2.0301297698549448,0.1029225696844063,0,0.0,2.4828380411433204,0.07423519936356544
80,cracks,0.11851963143202793,0.7483950668888302,0.49228037968187455,1.9686875691174537,0.09318366866852609,6,0.0,2.6662184024671682,0.08403525300132489
81,baseline,0.1254494041684918,0.512599939515858,0.6818453844476361,2.2063739017389894,0.14682812659977112,0,0.0,1.5388286175242436,0.08236105448178405
82,baseline,0.1783042191419579,0.7634136368638302,0.7127946031386457,2.283194010721349,0.1472241121895242,0,0.0,0.7805767080250906,0.07441023266467028
83,baseline,0.14476008289214728,0.37603411943601667,0.7859437595385128,1.16333562070307,0.1325395351065213,0,0.0,2.2022681141725826,0.08081752950763324
84,mixed,0.1170006760232164,0.6884308078868175,0.3006830199893512,1.1884776566093058,0.10693822869652517,2,0.5518540434577699,0.9543601214219591,0.12407009032908842
85,cracks,0.22529454715817263,0.5641265714030381,0.5187152642703872,2.145766076953702,0.05994447847481959,6,0.0,1.647566427576266,0.07230741708805147
86,cracks,0.17761638948452751,0.4117915168050199,0.600530448560238,1.0156924598382002,0.08015213012425157,9,0.0,0.8752591811199193,0.07834441669977656
87,debond,0.22891512787254334,0.7418870145170301,0.5376521100337718,1.352152145061667,0.07470583843386236,0,0.7724299608786933,2.2137347704187182,0.16984352375153988
88,debond,0.1110617429342678,0.39705761260654865,0.7424242625924321,1.9707525344939814,0.05810920689795623,0,0.2594883573587875,1.333048145305746,0.10645970143519687
89,debond,0.14535721464893736,0.3170487116866662,0.46902578517173316,1.6308352689704286,0.11825666829672322,0,0.2386557467634039,2.5040510889473797,0.11927722491535304
90,baseline,0.14104371740772664,0.7849293611959136,0.4558578713456433,2.2300067416645577,0.07308088128649746,0,0.0,0.6956831150314613,0.07915168665897439
91,debond,0.12180161319960188,0.6117985073319253,0.6050491556052611,2.344714271537857,0.09850527377205273,0,0.7372771998174934,0.1772394758906007,0.13865757063352177
92,cracks,0.28438470869281884,0.3271791898196528,0.31181435947909836,1.8941907078986362,0.09153849337387124,13,0.0,0.18892047264509934,0.06480381861194058
93,mixed,0.189928392914187,0.6560173730685697,0.45709998359055726,1.1698083392999672,0.05793611923724077,4,0.33046993191151663,0.5828037331234318,0.10893357572732117
94,mixed,0.10637873755667678,0.632214931865697,0.48930970817479114,1.5608254296889479,0.08316974896373983,4,0.1762703433782571,0.24580453466600277,0.09723211088683661
95,baseline,0.17029337200549716,0.7777574162377888,0.3618541410607431,2.4464068236813503,0.0707402433306945,0,0.0,1.1203837404611996,0.07661100606702931
96,debond,0.2644015964924339,0.5162246670117984,0.3246286679255086,1.7101960762856434,0.08727143894249874,0,0.7436544933352116,0.6064096524262342,0.2060542557162728
97,debond,0.24746396079211436,0.5372671702142136,0.6158310629829833,1.37201957194311,0.11254083049794136,0,0.38334082684259585,1.179880601567348,0.13953688051281318
98,mixed,0.11251598865291189,0.7600383604392554,0.4285079762151146,2.1209302067330302,0.1398551788967969,7,0.3540820016758164,1.0523421610561337,0.11873237748502709
99,baseline,0.1524344947136013,0.658317873215591,0.4582418155827674,1.413445490942216,0.050377161593416375,0,0.0,2.3739519421326216,0.0786770612451411
100,baseline,0.10485134098830569,0.4169331301274201,0.5375945289268016,2.4351664759115565,0.14539105801012864,0,0.0,1.214272020966596,0.08622765825427352
101,debond,0.2827087930290968,0.7074001256133386,0.36635363745726424,1.7448109110773269,0.050870518239265916,0,0.7517393657337249,0.9528914888410726,0.09860676859773468
102,cracks,0.22145084624907746,0.46389990546272086,0.45977439083449984,1.5427876612227376,0.12822486206570044,3,0.0,1.608133464986222,0.07033465976839026
103,mixed,0.25057713413229193,0.4236537561109541,0.3323665129003897,1.0507955791245016,0.10525946434186145,7,0.21248467032744767,1.340059758540457,0.10798821759492577
104,baseline,0.2975647659185008,0.43244565808997143,0.34204129877813544,1.1446338678269863,0.09984752683969744,0,0.0,2.2298118965574023,0.06260097183926239
105,mixed,0.13463837241261645,0.36646558052614564,0.5304618828755157,2.3368938379821396,0.07349333148298937,10,0.6928909520932407,2.0873533971570595,0.15874204094867778
106,baseline,0.25595011836420173,0.4469617087162366,0.43969845535935537,1.4014988210756818,0.07540565039073484,0,0.0,0.8178666868582478,0.06648891662093487
107,mixed,0.1494858252789623,0.4226701484453082,0.37666109979657114,2.326251729289832,0.10782807557899514,7,0.14536286650038296,0.7905935587840625,0.10256400712272785
108,cracks,0.2014649026487898,0.4156904721619213,0.7042214456965865,1.9799898281386012,0.14909556510822708,3,0.0,0.014112348799563053,0.07503715539245247
109,cracks,0.26811127282425334,0.7571877769152682,0.32018093271882153,1.4405161987940893,0.06192166287481126,5,0.0,1.8865053765055595,0.0648564514658339
110,cracks,0.2860347495602318,0.4861184817279465,0.7330636642044746,1.6736707866531855,0.07599482221528754,14,0.0,2.0883913009294077,0.06543644521166081
111,baseline,0.12115601247170163,0.5980735328410047,0.6099739899847643,1.3264681328548622,0.0868708553463344,0,0.0,0.44412533455661046,0.0844377124169559
112,cracks,0.29997475185232414,0.31911799832963705,0.66611422394083,2.3709327303257783,0.1314743720079808,15,0.0,1.028083783149017,0.08262629606157611
113,debond,0.13702901992352873,0.456097866885121,0.40170388605991963,2.1929217520612316,0.10480448341630921,0,0.14428975496976848,0.3185190654248747,0.09691166130551992
114,mixed,0.23280528716763496,0.3772760832279248,0.5669985819278381,1.979587526958689,0.08977721310809693,6,0.38685224497144755,0.8900169514490639,0.15182962845780568
115,debond,0.18356907658754115,0.32568034199015006,0.6726687824968995,2.325542312381957,0.09140800268683238,0,0.11274922717342123,2.4085416547199037,0.09411348125150647
116,debond,0.22889564215719935,0.4953655582965601,0.5024867206948518,2.412981115347258,0.09341642327728165,0,0.20959680822959809,0.3566942058610092,0.1020642222786992
117,baseline,0.18124353673725674,0.7414189732250835,0.5304531178364698,1.2438168689233262,0.051483437457453755,0,0.0,1.7327386931425728,0.07581790304040974
118,mixed,0.11780622239837722,0.6110972975463702,0.4854218123005663,1.7566945944542325,0.06458868261273573,6,0.21327030632504235,0.5396794424598415,0.10428822010523064
119,baseline,0.12175856885870509,0.545254824882581,0.7024068072145611,2.4503141098250794,0.06973417051256842,0,0.0,0.3978838234100229,0.08376969010499447
120,baseline,0.29510931657671724,0.5413682427798434,0.32668727415667737,2.3892517198216288,0.08878951824180366,0,0.0,2.84069357057305,0.062043845786028055
121,cracks,0.228064885416367,0.7282937728690917,0.6105265438723733,1.9220936579222012,0.06961129444031991,9,0.0,0.5748032076607484,0.08246340157766746
122,cracks,0.10834251552782292,0.7692745265286136,0.37823944979748264,1.5388115024908262,0.06494671422769047,13,0.0,2.5624392299325756,0.08740767097093359
123,cracks,0.10821980667689818,0.5811716342064923,0.6787306274185085,1.0571930520373929,0.13382042596057264,3,0.0,1.2247075378227135,0.0862917536677513
124,mixed,0.21001036740691903,0.6135212092775336,0.4531070718505526,1.6301077974015281,0.10826246607993456,8,0.3724484381168328,1.1543782508308515,0.12457112985998342
125,mixed,0.13575278375055683,0.30175404779200204,0.7930688049253136,1.6979097042447058,0.09468188715246706,11,0.645982423970693,1.4397574841039147,0.16694157820056546
126,cracks,0.2621058709520382,0.5001711730177554,0.33356032866409374,1.537862607433636,0.08653323135652627,14,0.0,1.388480699621713,0.06574635574898718
127,baseline,0.10813032632535252,0.3651354830050506,0.7610629965867111,1.4705887747291784,0.12203934677800665,0,0.0,0.25122673576919724,0.08654872112799022
128,mixed,0.23054913126061552,0.6921213862902884,0.31292824319403656,1.0995710081919006,0.11141237745589344,13,0.6704926138871284,0.608549440658893,0.1662620861735812
129,mixed,0.15757631951069723,0.7054974649699077,0.6974879352938812,2.0292009352339226,0.12210792968465646,5,0.14586134689394575,1.1023766898218599,0.10275965907089302
130,debond,0.13175348985767216,0.7482686207202514,0.43749629596271433,2.22343998167369,0.06435722951156005,0,0.451552553288858,2.889975623784938,0.11197161039510829
131,cracks,0.2183775533182437,0.6079331200793645,0.4186995890702214,1.5584004227463124,0.06989421485520629,8,0.0,0.5065169319684588,0.07010014202725609
132,debond,0.23593599100086737,0.7477065517635675,0.38437102210567947,2.177303972814316,0.0615078700842453,0,0.47150486285984594,1.9990540750922512,0.11070079422092237
133,debond,0.2932309834256054,0.5265192961513255,0.5607262565942246,2.0330930674359378,0.13961010657594264,0,0.27642211612364814,1.6829551809903023,0.12457111720390211
134,mixed,0.24758462428699524,0.48573311069888664,0.4878698914889181,1.5534167167994437,0.06461954441685333,7,0.635247434355094,1.3894687129620842,0.1850289747538191
135,cracks,0.223074729358546,0.7789899626683126,0.44819170094961036,1.774160156998625,0.0810072441691442,15,0.0,1.8405659090777937,0.07061377783638463
136,debond,0.24660775512723768,0.6735598923034711,0.41081875543804747,1.4364574285155391,0.11256179990785782,0,0.39238087578769465,1.1438507283292403,0.1299613934923592
137,baseline,0.12640465868770256,0.41362982024445916,0.6265542128890145,1.0334342835961992,0.05026154932910291,0,0.0,1.1151478170347577,0.0839218107628302
138,baseline,0.20461775117688108,0.5670565553913227,0.5066192313417454,1.451732474443595,0.06337267101122765,0,0.0,1.1505597110965793,0.07369309089680927
139,mixed,0.13172468712143406,0.30705601251345466,0.7007513867452303,2.061208924084675,0.0950853102622961,3,0.5467470675802539,2.737224440006461,0.1470726699513573
140,debond,0.18039057822759527,0.43211991998231186,0.305748018831501,1.967421045387693,0.10623311764946322,0,0.3452328929029925,2.0282250997703577,0.12793411407428834
141,mixed,0.22037629326754377,0.5587912482526987,0.546425830753509,1.2476487484220802,0.05003995749652534,2,0.4720691801433091,1.2754511940872297,0.12302717016461721
142,cracks,0.13184332409259553,0.7558709814357468,0.35245891590546846,1.9189593816279205,0.11567999120125219,5,0.0,0.44694353198854325,0.0811939770218945
143,cracks,0.20365161837351764,0.6213468436410583,0.6237983533798529,1.622866777480179,0.11131836486953456,10,0.0,0.9719537617823112,0.07504049999271206
144,debond,0.2251927629835766,0.7970306749990299,0.662153037574046,1.7168879030130648,0.10384063423152967,0,0.36261111863779083,1.3717684695616936,0.11480755523265813
145,mixed,0.11609571090602121,0.6277656303811343,0.3876958639396295,2.494915717526693,0.07614267411254098,12,0.1271722941568983,1.0540547801419435,0.095356363580769
146,debond,0.2423368454762293,0.4329938532258046,0.5768938790233242,1.6540790835663717,0.12884500169551014,0,0.46627124384287166,0.8334527353652411,0.1857101658900017
147,cracks,0.1170842228532511,0.5537142858476478,0.3848847898109579,2.3570537854296263,0.13417228962770006,5,0.0,2.9678559678681964,0.08337583068550174
148,debond,0.13838739526296376,0.4943535891493921,0.6006154605715266,1.5691734020512742,0.1351927933325589,0,0.7451745300366734,3.083977969574416,0.16156892627818853
149,mixed,0.19442810392336735,0.5653091426850043,0.30319085589618516,1.039775152920343,0.14556965434895702,5,0.49923833325006883,0.9668277606259741,0.15371570997917774
150,cracks,0.17831261101755808,0.5926661486841825,0.5826022874965882,1.2573190869159427,0.05329136105396043,3,0.0,0.3351400109643093,0.07630105390510418
151,cracks,0.16897273656339656,0.3709207940874242,0.31436631393011605,1.0624741592079645,0.11926252144839221,12,0.0,0.13397737776380558,0.07921761070946005
152,baseline,0.24735705263419308,0.3328826340157463,0.5952364003724182,1.5451091736478229,0.13175616260958445,0,0.0,2.574734146725268,0.06911876265221577
153,baseline,0.2759429214414839,0.6778862838238804,0.655623230130694,1.5757640053382056,0.07465773985216276,0,0.0,0.6382473560021165,0.06255275248899915
154,baseline,0.10688536457605878,0.7238586236205373,0.7060095092421608,1.9512591297269208,0.13250602688746632,0,0.0,1.9840304160747335,0.08486203630636963
155,debond,0.19542306825500294,0.3663268681535937,0.6959836466512228,1.9694802932999294,0.07944593974883771,0,0.3355610668408555,0.8204571243935086,0.12852253710016748
156,debond,0.1513404532225392,0.44129661041650187,0.6578810943657606,1.5520364781133922,0.08208281902167014,0,0.774799420099004,1.5825374609690344,0.16472237783530436
157,debond,0.22365517131336762,0.31549068014717047,0.5064604685874592,1.6546743756378706,0.12730258859567306,0,0.34274716696336244,2.213753013556454,0.15783502310939226
158,cracks,0.24287801513409513,0.7139148968863842,0.5872704558812497,1.4306645226147539,0.09360574856497277,10,0.0,0.6347122010366695,0.07097057223603649
159,baseline,0.10087233386606526,0.5454114969659187,0.5457420479327736,2.1951578463465706,0.06845192012723997,0,0.0,1.5537741301812513,0.08549184222051757
160,debond,0.2914413226125178,0.5575701335838998,0.5890036960835379,1.2383430408358174,0.13152409435414847,0,0.7568024612190978,0.7273652681578556,0.25463971436425015
161,cracks,0.12198464861320156,0.6182658358171937,0.34044129882116503,2.181871112336761,0.11971583408210772,14,0.0,0.3284783503046871,0.08400061160348066
162,debond,0.17112341239325474,0.5006352839190684,0.4972997296297614,2.335611161722463,0.058617290423907335,0,0.7219141509540669,0.07908655381245307,0.15063573979793154
163,cracks,0.16062820592998775,0.5140304293528783,0.5724684830799333,1.2566571650576421,0.14824098936019736,12,0.0,0.7337993093340444,0.08522568940248179
164,mixed,0.12537610461047974,0.5970441719683843,0.6446173919476175,1.9080233571637408,0.05338841106629777,11,0.3286621433884839,0.48797336231962357,0.10734576191807871
165,mixed,0.23242003553172344,0.6709936265771609,0.3847752670316291,1.6581970455765132,0.12734351847858197,11,0.2617171219605202,1.0494608094118665,0.11302093273980797
166,cracks,0.20154068200524716,0.4337413910832542,0.6773674953846862,2.2397860829941445,0.11173324521973307,13,0.0,0.4900435928577569,0.07787002997614502
167,cracks,0.24463197786593818,0.6014475499174697,0.47431604177104064,1.3543195798405454,0.1455793203333567,6,0.0,3.063518446740272,0.06873361213305747
168,baseline,0.13292030537483945,0.6289499212117418,0.3977160237142179,1.2264401426594642,0.06483191534495934,0,0.0,0.9490917618446827,0.08273810410456431
169,debond,0.18698460053476773,0.3980954658585752,0.6189904313959274,1.1603045718461766,0.07064439645800599,0,0.3718388499672819,0.10659928291475813,0.12812147189357578
170,mixed,0.27086552648395934,0.5182640272879576,0.4112260874378925,2.4713219176871073,0.07962132726854029,2,0.19926876932419452,1.8966070661190064,0.09750581008730894
171,mixed,0.10110353192827969,0.42114212255181327,0.7264456608520015,2.051742876775317,0.10874268393896523,12,0.3948083623662255,0.7180569233456469,0.12185766834576772
172,cracks,0.23591930446252965,0.6207694110431354,0.5269513474126489,1.4695214173921356,0.11282769419301314,3,0.0,2.8109218934402165,0.0686281900184089
173,cracks,0.25647561013718234,0.6565752383792232,0.6148073522614628,1.3750914839965267,0.0923579845448908,9,0.0,0.061755263840022626,0.0657630756771639
174,mixed,0.20365045320279151,0.6305516091368994,0.7364964223767149,2.3417416288087853,0.08280535770817057,2,0.37209589840702706,1.5388782609590768,0.11714242837683587
175,baseline,0.10762910582307444,0.5716799572776313,0.3804213051356974,2.1726875523253484,0.14405877158031727,0,0.0,1.6311776583897675,0.08589793653019588
176,baseline,0.2694319003441341,0.5283923459836666,0.40249096049851213,1.713603289934149,0.05161064538304603,0,0.0,2.489922051450749,0.06385085849525543
177,debond,0.2043376540286121,0.505174325935952,0.7739863107238322,1.3151341228590678,0.11843602745518285,0,0.3747451093767171,2.3960978613811035,0.13546879868818795
178,baseline,0.2458212971455877,0.607001145018164,0.618784404756942,1.3786865764225709,0.08818366929865194,0,0.0,0.19321997317894066,0.06717321934994688
179,baseline,0.18371649967943976,0.5102735326758204,0.6491263600993309,1.5281875012089525,0.0765157476881582,0,0.0,0.7050591568588789,0.07493570522009069
180,mixed,0.28798627399443044,0.5635382226537954,0.40945659501191317,2.202231034198979,0.08919627551892143,5,0.21517334349833,2.9198556505706392,0.09720864279219704
181,baseline,0.2619144824123287,0.6171492226167471,0.5345793122135076,1.8430808751363836,0.07259868071573922,0,0.0,3.0280687160340913,0.06601861469713803
182,debond,0.23320755755721997,0.715349534968805,0.6976284109658717,1.619929721222455,0.14961387313480845,0,0.6319215512557879,2.0408022289111662,0.1752262026606317
183,mixed,0.17094923374592283,0.7253348157944304,0.4337122421868157,1.5642227458296512,0.07535491584456791,8,0.5751730302730412,1.5128935845534883,0.1380706088057151
184,debond,0.17159548438335542,0.6272013638236383,0.460160256473534,1.7273788127507261,0.11233639317549854,0,0.15979505525145749,2.818051265366708,0.09517665137052797
185,cracks,0.28574524119968514,0.7272227301638972,0.3285314361947772,2.241849816194802,0.14058059478156332,14,0.0,2.96130511389631,0.06881426790535021
186,debond,0.22663246479996343,0.3074929209698111,0.3057395294671858,2.4276528664529278,0.11559567398800878,0,0.2750185908804864,0.31890915622061766,0.13889587710062995
187,cracks,0.2708347681666038,0.39283173745984423,0.5259798882396671,2.1773277873471963,0.07085409157282654,8,0.0,2.487118321097709,0.09214061424661446
188,cracks,0.22190267576446437,0.644013037563738,0.7885870917934233,1.1356087066433345,0.14016426793777387,10,0.0,2.4758069472712614,0.07048597925024756
189,debond,0.13947410210141775,0.646396353889632,0.5653977389582061,2.11286790861874,0.09385861655416228,0,0.7178777313372973,1.7437843326514628,0.1387634648654117
190,debond,0.18380762969579656,0.7135269378846074,0.5366209011267002,1.8358046158230432,0.09843706299893122,0,0.7338243372819915,2.20043943951593,0.15643058235311327
191,cracks,0.19963513190242108,0.5697713546440065,0.7314388473875415,1.0099101717810042,0.13407675126245916,9,0.0,2.1861889572154105,0.07403210959248728
192,mixed,0.23306010856750223,0.7202829430466959,0.48747893879493376,1.6282252185041128,0.1460613538890678,3,0.22636328224784613,1.1321521759943256,0.10385834785790028
193,baseline,0.10411195398818751,0.32293514342080076,0.6682706502508112,2.4984791241264617,0.1308599583668356,0,0.0,0.2952334522841688,0.08708937818808934
194,mixed,0.19693511092241367,0.7487808799165836,0.31694849958033045,2.0772761748983513,0.11252778554476915,7,0.16612572001802178,2.070383514822485,0.09111918480927132
195,debond,0.19490670528787968,0.5627688070912865,0.6852871951175189,1.316087930844922,0.09351895328011761,0,0.3956720201380579,1.7405290692102937,0.12514991205762055
196,debond,0.15857656502005235,0.7138670358573282,0.5018648510192403,1.7556237651141742,0.07716979523969043,0,0.4544967877966697,3.0630388729018914,0.11955049983499982
197,mixed,0.2583902271359089,0.46544813361878973,0.4585469980283864,1.4488292909514608,0.1086451165175063,12,0.16130335665457607,3.13058439493763,0.09720177498119281
198,mixed,0.24453530692203948,0.7428006723747742,0.5727005577610584,1.0745493776926631,0.08004063971973993,2,0.1324776718985926,2.5822673412636408,0.08372851655156789
199,mixed,0.22173712367711051,0.6290075997268735,0.6945134934069319,2.364733277376553,0.11117401002052739,11,0.20293615116752672,2.1164920788617345,0.1316611789434884
